ValorMax,RankPoseedor
4.000000,2
7.710000,2
3.280000,0
2.240000,0
4.020000,2
6.580000,4
7.810000,0
5.080000,4
