ValorMax,RankPoseedor
6.470000,1.000000
4.790000,1.000000
3.900000,3.000000
3.860000,1.000000
2.710000,2.000000
4.510000,4.000000
8.100000,3.000000
3.640000,2.000000
