NroThreads,Filas,Columnas,Tiempo
1,500,500,0.935603
1,700,700,2.576133
1,900,900,5.603391
1,1100,1100,10.369847
1,1300,1300,17.773701
2,500,500,0.888852
2,700,700,2.532430
2,900,900,5.582880
2,1100,1100,10.375475
2,1300,1300,17.787602
3,500,500,0.888885
3,700,700,2.540123
3,900,900,5.580274
3,1100,1100,10.607207
3,1300,1300,18.144737
4,500,500,1.099634
4,700,700,3.178964
4,900,900,6.612402
4,1100,1100,10.483883
4,1300,1300,17.967771
